Workbook

Sheet DASHBOARD
A2: DASHBOARD MONITORING SUSUT ENERGI | R2: ULP Samboja | UP3 Balikpapan Periode data: Agustus 2026
A3: Susut Teknis & Non-Teknis · Tahun 2026 · Target akhir tahun 5.85%
B6: SUSUT YTD (KUMULATIF) | G6: SUSUT BULAN BERJALAN | L6: PERBAIKAN vs TAHUN LALU | Q6: NILAI SUSUT YTD
B7: 6.54% | G7: 6.03% | L7: 0.57 pp | Q7: Rp 15.76 M
B8: Target YTD 6.38% · deviasi +0.16 pp | G8: Target 5.95% · deviasi +0.08 pp | L8: Baseline 7.12% -> 6.54% | Q8: 10.777.367 kWh energi hilang
B11: CAPAIAN WORK PLAN | G11: kWh DISELAMATKAN YTD | L11: GAP KE TARGET (SEP-DES) | Q11: SISA POTENSI WORK PLAN
B12: 75.0% | G12: 1.96 juta | L12: 1.30 juta kWh | Q12: 1.93 juta kWh
B13: 2 tercapai · 4 waspada · 5 terlambat · 11 kritis | G13: dari target 3.89 juta kWh setahun | L13: setara Rp 1.90 M · 326 rb kWh/bulan | Q13: CUKUP untuk menutup gap bila program dieksekusi penuh
B16: STATUS UNIT: PERLU AKSELERASI · PUTUSAN TARGET AKHIR TAHUN: MASIH BISA DICAPAI — syaratnya seluruh program KRITIS dieksekusi penuh
B18: TREN SUSUT BULANAN vs TARGET | L18: KOMPOSISI SUSUT TEKNIS vs NON-TEKNIS
B36: PROGRAM DENGAN GAP TERBESAR (kWh belum terealisasi) | L36: KOMPONEN RUGI TEKNIS (kWh/bulan)
B54: PERINGKAT PENYULANG BERDASARKAN SUSUT | L54: CAPAIAN WORK PLAN PER KATEGORI
B72: Data pada berkas ini adalah CONTOH untuk keperluan pembangunan dashboard. Ganti dengan data riil dari AP2T, XPower, Aplikasi P2TL, dan SCADA/AMR.

Sheet NERACA ENERGI
A2: NERACA ENERGI BULANAN | K2: ULP Samboja | UP3 Balikpapan Periode data: Agustus 2026
A3: kWh Salur (APP outgoing GI) vs kWh Jual (AP2T/TUL) — dasar perhitungan susut
B6: Bulan | C6: Status | D6: Susut (%) | E6: Target (%) | F6: Susut YTD (%) | G6: Deviasi (pp) | H6: kWh Salur | I6: kWh Jual | J6: kWh Susut | K6: Susut Teknis (%) | L6: Susut Non-Teknis (%) | M6: Nilai Susut (Rp)
B7: Jan | C7: REALISASI | D7: 7.27 | E7: 6.9 | F7: 7.27 | G7: 0.37 | H7: 19845320 | I7: 18402565 | J7: 1442755 | K7: 3.7222 | L7: 3.5478 | M7: 2110029188
B8: Feb | C8: REALISASI | D8: 7.05 | E8: 6.75 | F8: 7.1626 | G8: 0.3 | H8: 18932410 | I8: 17597675 | J8: 1334735 | K8: 3.666 | L8: 3.384 | M8: 1952049938
B9: Mar | C9: REALISASI | D9: 6.9 | E9: 6.6 | F9: 7.0729 | G9: 0.3 | H9: 20114780 | I9: 18726860 | J9: 1387920 | K9: 3.657 | L9: 3.243 | M9: 2029833000
B10: Apr | C10: REALISASI | D10: 6.65 | E10: 6.45 | F10: 6.9635 | G10: 0.2 | H10: 20556905 | I10: 19189871 | J10: 1367034 | K10: 3.6243 | L10: 3.0257 | M10: 1999287225
B11: Mei | C11: REALISASI | D11: 6.39 | E11: 6.3 | F11: 6.8427 | G11: 0.09 | H11: 21203640 | I11: 19848727 | J11: 1354913 | K11: 3.5528 | L11: 2.8372 | M11: 1981560262
B12: Jun | C12: REALISASI | D12: 6.14 | E12: 6.15 | F12: 6.722 | G12: -0.01 | H12: 20874115 | I12: 19592444 | J12: 1281671 | K12: 3.4875 | L12: 2.6525 | M12: 1874443838
B13: Jul | C13: REALISASI | D13: 6.06 | E13: 6.05 | F13: 6.6227 | G13: 0.01 | H13: 21446980 | I13: 20147293 | J13: 1299687 | K13: 3.4845 | L13: 2.5755 | M13: 1900792238
B14: Ags | C14: REALISASI | D14: 6.03 | E14: 5.95 | F14: 6.5446 | G14: 0.08 | H14: 21702355 | I14: 20393703 | J14: 1308652 | K14: 3.5095 | L14: 2.5205 | M14: 1913903550
B15: Sep | C15: PROYEKSI | D15: 5.92 | E15: 5.92 | H15: 21540900 | I15: 20265679 | J15: 1275221 | K15: 3.4691 | L15: 2.4509 | M15: 1865010712
B16: Okt | C16: PROYEKSI | D16: 5.9 | E16: 5.9 | H16: 21890450 | I16: 20598913 | J16: 1291537 | K16: 3.481 | L16: 2.419 | M16: 1888872862
B17: Nov | C17: PROYEKSI | D17: 5.87 | E17: 5.87 | H17: 22105780 | I17: 20808171 | J17: 1297609 | K17: 3.4809 | L17: 2.3891 | M17: 1897753162
B18: Des | C18: PROYEKSI | D18: 5.85 | E18: 5.85 | H18: 22480310 | I18: 21165212 | J18: 1315098 | K18: 3.4866 | L18: 2.3634 | M18: 1923330825
B19: TOTAL / RATA2 | D19: =SUM(J7:J18)/SUM(H7:H18)*100 -> 0 | E19: =SUMPRODUCT(E7:E18,H7:H18)/SUM(H7:H18) -> 0 | H19: =SUM(H7:H18) -> 0 | I19: =SUM(I7:I18) -> 0 | J19: =SUM(J7:J18) -> 0 | M19: =SUM(M7:M18) -> 0
B21: Rumus susut = (kWh Salur - kWh Jual) / kWh Salur x 100%. Baris PROYEKSI adalah rencana; ganti menjadi REALISASI setelah data bulan tersebut terbit.

Sheet INPUT REALISASI
A2: INPUT REALISASI BULANAN WORK PLAN | O2: ULP Samboja | UP3 Balikpapan Periode data: Agustus 2026
A3: Sel kuning = tempat mengetik. Seluruh sheet lain mengikuti isian di sini.
B5: Isi HANYA sel berwarna kuning. Kolom target sudah terkunci sesuai work plan; kolom capaian dihitung otomatis.
B7: Kode | C7: Item Work Plan | D7: Satuan | E7: Jan | F7: Feb | G7: Mar | H7: Apr | I7: Mei | J7: Jun | K7: Jul | L7: Ags | M7: Sep | N7: Okt | O7: Nov | P7: Des | Q7: Total Realisasi | R7: Target Tahun
B8: T-01 | C8: Penyeimbangan beban trafo distribusi (balancing) | D8: gardu | E8: 16.03 | F8: 16.27 | G8: 14.78 | H8: 18.37 | I8: 14.77 | J8: 15.24 | K8: 14.52 | L8: 17.23 | Q8: =SUM(E8:P8) -> 0 | R8: 180
B9: T-02 | C9: Penggantian konduktor JTR usang ke twisted cable | D9: kms | E9: 0.39 | F9: 0.76 | G9: 1.9 | H9: 0.95 | I9: 1.29 | J9: 1.88 | K9: 0.9 | L9: 1.34 | Q9: =SUM(E9:P9) -> 0 | R9: 24.5
B10: T-03 | C10: Pemasangan trafo sisip / uprating trafo overload | D10: unit | E10: 0.14 | F10: 0.36 | G10: 0.73 | H10: 0.38 | I10: 0.48 | J10: 0.85 | K10: 0.3 | L10: 0.51 | Q10: =SUM(E10:P10) -> 0 | R10: 12
B11: T-04 | C11: Penggantian SR > 30 m & kabel SR usang | D11: pelanggan | E11: 99.46 | F11: 102.33 | G11: 111.2 | H11: 99.22 | I11: 89.57 | J11: 85.32 | K11: 120.11 | L11: 95.13 | Q11: =SUM(E11:P11) -> 0 | R11: 1450
B12: T-05 | C12: Rekonfigurasi / pemecahan beban penyulang | D12: penyulang | E12: 0 | F12: 0.06 | G12: 0.16 | H12: 0.28 | I12: 0.37 | J12: 0.52 | K12: 0.12 | L12: 0.18 | Q12: =SUM(E12:P12) -> 0 | R12: 6
B13: T-06 | C13: Pemasangan kapasitor bank (perbaikan cos phi) | D13: unit | E13: 0 | F13: 0.08 | G13: 0.26 | H13: 0.31 | I13: 0.41 | J13: 0.49 | K13: 0.14 | L13: 0.29 | Q13: =SUM(E13:P13) -> 0 | R13: 8
B14: T-07 | C14: Penggantian konektor & retensioning sambungan | D14: titik | E14: 53.23 | F14: 49.68 | G14: 50.44 | H14: 44.44 | I14: 45.84 | J14: 51.45 | K14: 47.29 | L14: 50.3 | Q14: =SUM(E14:P14) -> 0 | R14: 620
B15: T-08 | C15: Pemasangan alat ukur (AMR) sisi gardu distribusi | D15: unit | E15: 0.79 | F15: 1.38 | G15: 3.1 | H15: 1.67 | I15: 2.07 | J15: 3.38 | K15: 1.82 | L15: 2.07 | Q15: =SUM(E15:P15) -> 0 | R15: 45
B16: T-09 | C16: Pemeliharaan preventif & perbaikan grounding gardu | D16: gardu | E16: 22.79 | F16: 18.08 | G16: 21.67 | H16: 22.86 | I16: 23.61 | J16: 19.35 | K16: 17.45 | L16: 17.39 | Q16: =SUM(E16:P16) -> 0 | R16: 240
B17: T-10 | C17: Uprating konduktor JTM (AAAC 150 mm2) | D17: kms | E17: 0 | F17: 0.07 | G17: 0.18 | H17: 0.35 | I17: 0.44 | J17: 0.51 | K17: 0.16 | L17: 0.25 | Q17: =SUM(E17:P17) -> 0 | R17: 9.8
B18: N-01 | C18: P2TL - pencapaian Target Operasi (TO) | D18: pelanggan | E18: 299.24 | F18: 242.91 | G18: 285.1 | H18: 256.97 | I18: 269.5 | J18: 247.06 | K18: 316.7 | L18: 290.5 | Q18: =SUM(E18:P18) -> 0 | R18: 3600
B19: N-02 | C19: P2TL - perolehan kWh temuan pelanggaran | D19: kWh | E19: 76379.13 | F19: 94231.83 | G19: 83456.82 | H19: 78046.28 | I19: 80713.09 | J19: 87632.58 | K19: 83425.91 | L19: 90781.03 | Q19: =SUM(E19:P19) -> 0 | R19: 1150000
... B29: N-12 | C29: Penormalan sambungan langsung / sambungan liar | D29: titik | E29: 9.2 | F29: 9.91 | G29: 11.35 | H29: 12.52 | I29: 9.65 | J29: 12.37 | K29: 10.22 | L29: 10.18 | Q29: =SUM(E29:P29) -> 0 | R29: 210
B31: Catatan: satuan mengikuti kolom Satuan. Untuk N-02 isikan kWh temuan; untuk N-03 isikan realisasi tagih dalam juta rupiah.

Sheet WORK PLAN
A2: CAPAIAN PER ITEM WORK PLAN PENURUNAN SUSUT | N2: ULP Samboja | UP3 Balikpapan Periode data: Agustus 2026
A3: Realisasi s/d Agustus 2026 terhadap target bulanan dan target akhir tahun
B6: Kode | C6: Item Work Plan | D6: Satuan | E6: Kategori | F6: Target Tahun | G6: Target s/d Bln | H6: Realisasi s/d Bln | I6: Capaian YTD (%) | J6: Capaian thd Target Tahun (%) | K6: Sisa Target | L6: Kebutuhan / Bulan | M6: Run-rate Bulanan | N6: Faktor Kejar (x) | O6: kWh Selamat YTD | P6: Sisa Potensi kWh | Q6: Status | R6: PIC
B7: T-01 | C7: Penyeimbangan beban trafo distribusi (balancing) | D7: gardu | E7: Teknis | F7: 180 | G7: 120 | H7: =SUM('INPUT REALISASI'!E8:L8) -> 127.21 | I7: =IF(G7=0,0,H7/G7*100) -> 106.01 | J7: =IF(F7=0,0,H7/F7*100) -> 70.67 | K7: =MAX(F7-H7,0) -> 52.79 | L7: =K7/4 -> 13.2 | M7: =H7/8 -> 15.9 | N7: =IF(M7=0,"-",L7/M7) -> 0.83 | O7: =H7*950.0 -> 120850 | P7: =K7*950.0 -> 50150 | Q7: =IF(I7>=100,"TERCAPAI",IF(I7>=90,"WASPADA",IF(I7>=75,"TERLAMBAT","KRITIS"))) -> TERCAPAI | R7: Supervisor Teknik
B8: T-02 | C8: Penggantian konduktor JTR usang ke twisted cable | D8: kms | E8: Teknis | F8: 24.5 | G8: 13.25 | H8: =SUM('INPUT REALISASI'!E9:L9) -> 9.41 | I8: =IF(G8=0,0,H8/G8*100) -> 71.02 | J8: =IF(F8=0,0,H8/F8*100) -> 38.41 | K8: =MAX(F8-H8,0) -> 15.09 | L8: =K8/4 -> 3.77 | M8: =H8/8 -> 1.18 | N8: =IF(M8=0,"-",L8/M8) -> 3.21 | O8: =H8*6200.0 -> 58342 | P8: =K8*6200.0 -> 93558 | Q8: =IF(I8>=100,"TERCAPAI",IF(I8>=90,"WASPADA",IF(I8>=75,"TERLAMBAT","KRITIS"))) -> KRITIS | R8: Supervisor Teknik
B9: T-03 | C9: Pemasangan trafo sisip / uprating trafo overload | D9: unit | E9: Teknis | F9: 12 | G9: 6.48 | H9: =SUM('INPUT REALISASI'!E10:L10) -> 3.75 | I9: =IF(G9=0,0,H9/G9*100) -> 57.87 | J9: =IF(F9=0,0,H9/F9*100) -> 31.25 | K9: =MAX(F9-H9,0) -> 8.25 | L9: =K9/4 -> 2.06 | M9: =H9/8 -> 0.47 | N9: =IF(M9=0,"-",L9/M9) -> 4.4 | O9: =H9*11500.0 -> 43125 | P9: =K9*11500.0 -> 94875 | Q9: =IF(I9>=100,"TERCAPAI",IF(I9>=90,"WASPADA",IF(I9>=75,"TERLAMBAT","KRITIS"))) -> KRITIS | R9: Supervisor Teknik
B10: T-04 | C10: Penggantian SR > 30 m & kabel SR usang | D10: pelanggan | E10: Teknis | F10: 1450 | G10: 966.64 | H10: =SUM('INPUT REALISASI'!E11:L11) -> 802.34 | I10: =IF(G10=0,0,H10/G10*100) -> 83 | J10: =IF(F10=0,0,H10/F10*100) -> 55.33 | K10: =MAX(F10-H10,0) -> 647.66 | L10: =K10/4 -> 161.91 | M10: =H10/8 -> 100.29 | N10: =IF(M10=0,"-",L10/M10) -> 1.61 | O10: =H10*62.0 -> 49745 | P10: =K10*62.0 -> 40155 | Q10: =IF(I10>=100,"TERCAPAI",IF(I10>=90,"WASPADA",IF(I10>=75,"TERLAMBAT","KRITIS"))) -> TERLAMBAT | R10: Supervisor Teknik
B11: T-05 | C11: Rekonfigurasi / pemecahan beban penyulang | D11: penyulang | E11: Teknis | F11: 6 | G11: 3.36 | H11: =SUM('INPUT REALISASI'!E12:L12) -> 1.69 | I11: =IF(G11=0,0,H11/G11*100) -> 50.3 | J11: =IF(F11=0,0,H11/F11*100) -> 28.17 | K11: =MAX(F11-H11,0) -> 4.31 | L11: =K11/4 -> 1.08 | M11: =H11/8 -> 0.21 | N11: =IF(M11=0,"-",L11/M11) -> 5.1 | O11: =H11*21000.0 -> 35490 | P11: =K11*21000.0 -> 90510 | Q11: =IF(I11>=100,"TERCAPAI",IF(I11>=90,"WASPADA",IF(I11>=75,"TERLAMBAT","KRITIS"))) -> KRITIS | R11: Supervisor Teknik
B12: T-06 | C12: Pemasangan kapasitor bank (perbaikan cos phi) | D12: unit | E12: Teknis | F12: 8 | G12: 4.48 | H12: =SUM('INPUT REALISASI'!E13:L13) -> 1.98 | I12: =IF(G12=0,0,H12/G12*100) -> 44.2 | J12: =IF(F12=0,0,H12/F12*100) -> 24.75 | K12: =MAX(F12-H12,0) -> 6.02 | L12: =K12/4 -> 1.5 | M12: =H12/8 -> 0.25 | N12: =IF(M12=0,"-",L12/M12) -> 6.08 | O12: =H12*13800.0 -> 27324 | P12: =K12*13800.0 -> 83076 | Q12: =IF(I12>=100,"TERCAPAI",IF(I12>=90,"WASPADA",IF(I12>=75,"TERLAMBAT","KRITIS"))) -> KRITIS | R12: Supervisor Teknik
B13: T-07 | C13: Penggantian konektor & retensioning sambungan | D13: titik | E13: Teknis | F13: 620 | G13: 413.36 | H13: =SUM('INPUT REALISASI'!E14:L14) -> 392.67 | I13: =IF(G13=0,0,H13/G13*100) -> 94.99 | J13: =IF(F13=0,0,H13/F13*100) -> 63.33 | K13: =MAX(F13-H13,0) -> 227.33 | L13: =K13/4 -> 56.83 | M13: =H13/8 -> 49.08 | N13: =IF(M13=0,"-",L13/M13) -> 1.16 | O13: =H13*145.0 -> 56937 | P13: =K13*145.0 -> 32963 | Q13: =IF(I13>=100,"TERCAPAI",IF(I13>=90,"WASPADA",IF(I13>=75,"TERLAMBAT","KRITIS"))) -> WASPADA | R13: Supervisor Teknik
B14: T-08 | C14: Pemasangan alat ukur (AMR) sisi gardu distribusi | D14: unit | E14: Teknis | F14: 45 | G14: 24.3 | H14: =SUM('INPUT REALISASI'!E15:L15) -> 16.28 | I14: =IF(G14=0,0,H14/G14*100) -> 67 | J14: =IF(F14=0,0,H14/F14*100) -> 36.18 | K14: =MAX(F14-H14,0) -> 28.72 | L14: =K14/4 -> 7.18 | M14: =H14/8 -> 2.04 | N14: =IF(M14=0,"-",L14/M14) -> 3.53 | O14: =H14*1350.0 -> 21978 | P14: =K14*1350.0 -> 38772 | Q14: =IF(I14>=100,"TERCAPAI",IF(I14>=90,"WASPADA",IF(I14>=75,"TERLAMBAT","KRITIS"))) -> KRITIS | R14: Supervisor Teknik
B15: T-09 | C15: Pemeliharaan preventif & perbaikan grounding gardu | D15: gardu | E15: Teknis | F15: 240 | G15: 160 | H15: =SUM('INPUT REALISASI'!E16:L16) -> 163.2 | I15: =IF(G15=0,0,H15/G15*100) -> 102 | J15: =IF(F15=0,0,H15/F15*100) -> 68 | K15: =MAX(F15-H15,0) -> 76.8 | L15: =K15/4 -> 19.2 | M15: =H15/8 -> 20.4 | N15: =IF(M15=0,"-",L15/M15) -> 0.94 | O15: =H15*310.0 -> 50592 | P15: =K15*310.0 -> 23808 | Q15: =IF(I15>=100,"TERCAPAI",IF(I15>=90,"WASPADA",IF(I15>=75,"TERLAMBAT","KRITIS"))) -> TERCAPAI | R15: Supervisor Teknik
B16: T-10 | C16: Uprating konduktor JTM (AAAC 150 mm2) | D16: kms | E16: Teknis | F16: 9.8 | G16: 5.5 | H16: =SUM('INPUT REALISASI'!E17:L17) -> 1.96 | I16: =IF(G16=0,0,H16/G16*100) -> 35.64 | J16: =IF(F16=0,0,H16/F16*100) -> 20 | K16: =MAX(F16-H16,0) -> 7.84 | L16: =K16/4 -> 1.96 | M16: =H16/8 -> 0.24 | N16: =IF(M16=0,"-",L16/M16) -> 8 | O16: =H16*8900.0 -> 17444 | P16: =K16*8900.0 -> 69776 | Q16: =IF(I16>=100,"TERCAPAI",IF(I16>=90,"WASPADA",IF(I16>=75,"TERLAMBAT","KRITIS"))) -> KRITIS | R16: Supervisor Teknik
B17: N-01 | C17: P2TL - pencapaian Target Operasi (TO) | D17: pelanggan | E17: Non-Teknis | F17: 3600 | G17: 2400 | H17: =SUM('INPUT REALISASI'!E18:L18) -> 2207.98 | I17: =IF(G17=0,0,H17/G17*100) -> 92 | J17: =IF(F17=0,0,H17/F17*100) -> 61.33 | K17: =MAX(F17-H17,0) -> 1392.02 | L17: =K17/4 -> 348 | M17: =H17/8 -> 276 | N17: =IF(M17=0,"-",L17/M17) -> 1.26 | O17: =H17*0.0 -> 0 | P17: =K17*0.0 -> 0 | Q17: =IF(I17>=100,"TERCAPAI",IF(I17>=90,"WASPADA",IF(I17>=75,"TERLAMBAT","KRITIS"))) -> WASPADA | R17: Supervisor Transaksi Energi
B18: N-02 | C18: P2TL - perolehan kWh temuan pelanggaran | D18: kWh | E18: Non-Teknis | F18: 1150000 | G18: 766666.64 | H18: =SUM('INPUT REALISASI'!E19:L19) -> 674666.67 | I18: =IF(G18=0,0,H18/G18*100) -> 88 | J18: =IF(F18=0,0,H18/F18*100) -> 58.67 | K18: =MAX(F18-H18,0) -> 475333.33 | L18: =K18/4 -> 118833.33 | M18: =H18/8 -> 84333.33 | N18: =IF(M18=0,"-",L18/M18) -> 1.41 | O18: =H18*1.0 -> 674667 | P18: =K18*1.0 -> 475333 | Q18: =IF(I18>=100,"TERCAPAI",IF(I18>=90,"WASPADA",IF(I18>=75,"TERLAMBAT","KRITIS"))) -> TERLAMBAT | R18: Supervisor Transaksi Energi
B19: N-03 | C19: P2TL - realisasi penagihan tagihan susulan | D19: Rp juta | E19: Non-Teknis | F19: 3400 | G19: 2266.64 | H19: =SUM('INPUT REALISASI'!E20:L20) -> 1677.32 | I19: =IF(G19=0,0,H19/G19*100) -> 74 | J19: =IF(F19=0,0,H19/F19*100) -> 49.33 | K19: =MAX(F19-H19,0) -> 1722.68 | L19: =K19/4 -> 430.67 | M19: =H19/8 -> 209.67 | N19: =IF(M19=0,"-",L19/M19) -> 2.05 | O19: =H19*0.0 -> 0 | P19: =K19*0.0 -> 0 | Q19: =IF(I19>=100,"TERCAPAI",IF(I19>=90,"WASPADA",IF(I19>=75,"TERLAMBAT","KRITIS"))) -> KRITIS | R19: Supervisor Transaksi Energi
B20: N-04 | C20: Penggantian kWh meter rusak / macet / buram | D20: unit | E20: Non-Teknis | F20: 2750 | G20: 1833.36 | H20: =SUM('INPUT REALISASI'!E21:L21) -> 1576.67 | I20: =IF(G20=0,0,H20/G20*100) -> 86 | J20: =IF(F20=0,0,H20/F20*100) -> 57.33 | K20: =MAX(F20-H20,0) -> 1173.33 | L20: =K20/4 -> 293.33 | M20: =H20/8 -> 197.08 | N20: =IF(M20=0,"-",L20/M20) -> 1.49 | O20: =H20*96.0 -> 151360 | P20: =K20*96.0 -> 112640 | Q20: =IF(I20>=100,"TERCAPAI",IF(I20>=90,"WASPADA",IF(I20>=75,"TERLAMBAT","KRITIS"))) -> TERLAMBAT | R20: Supervisor Transaksi Energi
B21: N-05 | C21: Penggantian kWh meter tua (> 15 tahun) | D21: unit | E21: Non-Teknis | F21: 1900 | G21: 1026 | H21: =SUM('INPUT REALISASI'!E22:L22) -> 646.37 | I21: =IF(G21=0,0,H21/G21*100) -> 63 | J21: =IF(F21=0,0,H21/F21*100) -> 34.02 | K21: =MAX(F21-H21,0) -> 1253.63 | L21: =K21/4 -> 313.41 | M21: =H21/8 -> 80.8 | N21: =IF(M21=0,"-",L21/M21) -> 3.88 | O21: =H21*71.0 -> 45892 | P21: =K21*71.0 -> 89008 | Q21: =IF(I21>=100,"TERCAPAI",IF(I21>=90,"WASPADA",IF(I21>=75,"TERLAMBAT","KRITIS"))) -> KRITIS | R21: Supervisor Transaksi Energi
B22: N-06 | C22: Pemasangan / normalisasi AMR pelanggan >= 41,5 kVA | D22: pelanggan | E22: Non-Teknis | F22: 168 | G22: 112 | H22: =SUM('INPUT REALISASI'!E23:L23) -> 88.48 | I22: =IF(G22=0,0,H22/G22*100) -> 79 | J22: =IF(F22=0,0,H22/F22*100) -> 52.67 | K22: =MAX(F22-H22,0) -> 79.52 | L22: =K22/4 -> 19.88 | M22: =H22/8 -> 11.06 | N22: =IF(M22=0,"-",L22/M22) -> 1.8 | O22: =H22*1480.0 -> 130950 | P22: =K22*1480.0 -> 117690 | Q22: =IF(I22>=100,"TERCAPAI",IF(I22>=90,"WASPADA",IF(I22>=75,"TERLAMBAT","KRITIS"))) -> TERLAMBAT | R22: Supervisor Transaksi Energi
B23: N-07 | C23: Pemeriksaan APP pelanggan potensial (>= 3.500 VA) | D23: pelanggan | E23: Non-Teknis | F23: 2400 | G23: 1600 | H23: =SUM('INPUT REALISASI'!E24:L24) -> 1104.01 | I23: =IF(G23=0,0,H23/G23*100) -> 69 | J23: =IF(F23=0,0,H23/F23*100) -> 46 | K23: =MAX(F23-H23,0) -> 1295.99 | L23: =K23/4 -> 324 | M23: =H23/8 -> 138 | N23: =IF(M23=0,"-",L23/M23) -> 2.35 | O23: =H23*58.0 -> 64033 | P23: =K23*58.0 -> 75167 | Q23: =IF(I23>=100,"TERCAPAI",IF(I23>=90,"WASPADA",IF(I23>=75,"TERLAMBAT","KRITIS"))) -> KRITIS | R23: Supervisor Transaksi Energi
B24: N-08 | C24: Penurunan DLPD (Daftar Langganan Perlu Diperhatikan) | D24: rekening | E24: Non-Teknis | F24: 4200 | G24: 2800 | H24: =SUM('INPUT REALISASI'!E25:L25) -> 2268.01 | I24: =IF(G24=0,0,H24/G24*100) -> 81 | J24: =IF(F24=0,0,H24/F24*100) -> 54 | K24: =MAX(F24-H24,0) -> 1931.99 | L24: =K24/4 -> 483 | M24: =H24/8 -> 283.5 | N24: =IF(M24=0,"-",L24/M24) -> 1.7 | O24: =H24*44.0 -> 99792 | P24: =K24*44.0 -> 85008 | Q24: =IF(I24>=100,"TERCAPAI",IF(I24>=90,"WASPADA",IF(I24>=75,"TERLAMBAT","KRITIS"))) -> TERLAMBAT | R24: Supervisor Pelayanan Pelanggan
B25: N-09 | C25: Penertiban & pemeteran PJU ilegal | D25: titik | E25: Non-Teknis | F25: 320 | G25: 172.8 | H25: =SUM('INPUT REALISASI'!E26:L26) -> 95.03 | I25: =IF(G25=0,0,H25/G25*100) -> 54.99 | J25: =IF(F25=0,0,H25/F25*100) -> 29.7 | K25: =MAX(F25-H25,0) -> 224.97 | L25: =K25/4 -> 56.24 | M25: =H25/8 -> 11.88 | N25: =IF(M25=0,"-",L25/M25) -> 4.73 | O25: =H25*640.0 -> 60819 | P25: =K25*640.0 -> 143981 | Q25: =IF(I25>=100,"TERCAPAI",IF(I25>=90,"WASPADA",IF(I25>=75,"TERLAMBAT","KRITIS"))) -> KRITIS | R25: Supervisor Transaksi Energi
B26: N-10 | C26: Validasi faktor kali & Data Induk Langganan (DIL) | D26: pelanggan | E26: Non-Teknis | F26: 1100 | G26: 733.36 | H26: =SUM('INPUT REALISASI'!E27:L27) -> 689.34 | I26: =IF(G26=0,0,H26/G26*100) -> 94 | J26: =IF(F26=0,0,H26/F26*100) -> 62.67 | K26: =MAX(F26-H26,0) -> 410.66 | L26: =K26/4 -> 102.66 | M26: =H26/8 -> 86.17 | N26: =IF(M26=0,"-",L26/M26) -> 1.19 | O26: =H26*118.0 -> 81342 | P26: =K26*118.0 -> 48458 | Q26: =IF(I26>=100,"TERCAPAI",IF(I26>=90,"WASPADA",IF(I26>=75,"TERLAMBAT","KRITIS"))) -> WASPADA | R26: Supervisor Pelayanan Pelanggan
B27: N-11 | C27: Peningkatan akurasi baca meter (foto stand / RBM) | D27: rekening | E27: Non-Teknis | F27: 12000 | G27: 8000 | H27: =SUM('INPUT REALISASI'!E28:L28) -> 7760.01 | I27: =IF(G27=0,0,H27/G27*100) -> 97 | J27: =IF(F27=0,0,H27/F27*100) -> 64.67 | K27: =MAX(F27-H27,0) -> 4239.99 | L27: =K27/4 -> 1060 | M27: =H27/8 -> 970 | N27: =IF(M27=0,"-",L27/M27) -> 1.09 | O27: =H27*12.0 -> 93120 | P27: =K27*12.0 -> 50880 | Q27: =IF(I27>=100,"TERCAPAI",IF(I27>=90,"WASPADA",IF(I27>=75,"TERLAMBAT","KRITIS"))) -> WASPADA | R27: Supervisor Pelayanan Pelanggan
B28: N-12 | C28: Penormalan sambungan langsung / sambungan liar | D28: titik | E28: Non-Teknis | F28: 210 | G28: 140 | H28: =SUM('INPUT REALISASI'!E29:L29) -> 85.4 | I28: =IF(G28=0,0,H28/G28*100) -> 61 | J28: =IF(F28=0,0,H28/F28*100) -> 40.67 | K28: =MAX(F28-H28,0) -> 124.6 | L28: =K28/4 -> 31.15 | M28: =H28/8 -> 10.68 | N28: =IF(M28=0,"-",L28/M28) -> 2.92 | O28: =H28*890.0 -> 76006 | P28: =K28*890.0 -> 110894 | Q28: =IF(I28>=100,"TERCAPAI",IF(I28>=90,"WASPADA",IF(I28>=75,"TERLAMBAT","KRITIS"))) -> KRITIS | R28: Supervisor Transaksi Energi
C29: TOTAL / RATA-RATA | I29: =AVERAGE(I7:I28) -> 0 | J29: =AVERAGE(J7:J28) -> 0 | O29: =SUM(O7:O28) -> 0 | P29: =SUM(P7:P28) -> 0
C31: FAKTOR KEJAR = kebutuhan per bulan tersisa dibagi run-rate bulanan saat ini. Nilai 1,0 berarti cukup mempertahankan kecepatan sekarang; nilai 3,0 berarti harus tiga kali lebih cepat. Item dengan faktor kejar >= 2 disorot merah dan wajib masuk rapat mingguan.

Sheet ANALISIS TEKNIS
A2: ANALISIS SUSUT TEKNIS PER PENYULANG | L2: ULP Samboja | UP3 Balikpapan Periode data: Agustus 2026
A3: Profil jaringan, indeks prioritas penanganan, dan dekomposisi rugi teknis
B6: Kode | C6: Nama Penyulang | D6: Gardu | E6: Pelanggan | F6: Kapasitas (kVA) | G6: JTM (kms) | H6: JTR (kms) | I6: Susut (%) | J6: Unbalance (%) | K6: Cos phi | L6: Drop Tegangan (%) | M6: SR > 30 m | N6: Indeks Prioritas | O6: Kelas
B7: SBJ-01 | C7: Kuala Samboja | D7: 78 | E7: 8940 | F7: 8450 | G7: 61.2 | H7: 96.4 | I7: 7.94 | J7: 21.4 | K7: 0.86 | L7: 6.8 | M7: 412 | N7: 88.8 | O7: KRITIS
B8: SBJ-02 | C8: Sungai Merdeka | D8: 71 | E8: 8120 | F8: 7900 | G8: 74.8 | H8: 103.7 | I8: 7.41 | J8: 18.9 | K8: 0.88 | L8: 7.4 | M8: 388 | N8: 81.5 | O8: KRITIS
B9: SBJ-03 | C9: Handil Baru | D9: 64 | E9: 7365 | F9: 7250 | G9: 58.6 | H9: 88.2 | I9: 6.88 | J9: 16.2 | K9: 0.89 | L9: 5.9 | M9: 301 | N9: 71.7 | O9: KRITIS
B10: SBJ-04 | C10: Argosari | D10: 55 | E10: 6042 | F10: 6100 | G10: 69.4 | H10: 81.5 | I10: 6.42 | J10: 14.8 | K10: 0.9 | L10: 6.2 | M10: 254 | N10: 66.9 | O10: TINGGI
B11: SBJ-05 | C11: Bukit Raya | D11: 61 | E11: 6580 | F11: 6800 | G11: 52.1 | H11: 79.8 | I11: 5.97 | J11: 13.1 | K11: 0.91 | L11: 5.1 | M11: 226 | N11: 59.2 | O11: TINGGI
B12: SBJ-06 | C12: Karya Merdeka | D12: 49 | E12: 5318 | F12: 5450 | G12: 63.9 | H12: 76.3 | I12: 5.63 | J12: 12.4 | K12: 0.92 | L12: 5.6 | M12: 198 | N12: 56 | O12: TINGGI
B13: SBJ-07 | C13: Amborawang | D13: 52 | E13: 5704 | F13: 5800 | G13: 57.3 | H13: 74.9 | I13: 5.35 | J13: 11.7 | K13: 0.92 | L13: 4.8 | M13: 175 | N13: 52.4 | O13: SEDANG
B14: SBJ-08 | C14: Tani Bhakti | D14: 44 | E14: 4836 | F14: 4900 | G14: 71.6 | H14: 92.1 | I14: 5.11 | J14: 10.9 | K14: 0.93 | L14: 6.5 | M14: 163 | N14: 52 | O14: SEDANG
B15: SBJ-09 | C15: Beringin Agung | D15: 51 | E15: 5412 | F15: 5650 | G15: 55.4 | H15: 81.6 | I15: 4.86 | J15: 9.8 | K15: 0.93 | L15: 4.4 | M15: 141 | N15: 45.7 | O15: SEDANG
B16: SBJ-10 | C16: Sungai Seluang | D16: 49 | E16: 3165 | F16: 5300 | G16: 48.1 | H16: 74.4 | I16: 4.52 | J16: 8.6 | K16: 0.94 | L16: 4.1 | M16: 118 | N16: 40.6 | O16: RENDAH
B19: AMBANG BATAS ACUAN (SPLN / praktik operasi distribusi)
B20: Parameter | C20: Ambang Ideal | D20: Tindakan bila terlampaui
B21: Unbalance arus antar fasa | C21: <= 10% | D21: > 15% wajib penyeimbangan beban dalam 7 hari
B22: Cos phi (faktor daya) | C22: >= 0,90 | D22: < 0,90 -> pasang kapasitor bank
B23: Drop tegangan ujung | C23: <= 5% | D23: > 5% -> uprating konduktor / trafo sisip
B24: Panjang SR | C24: <= 30 m | D24: > 30 m -> rugi SR signifikan, jadwalkan penggantian
B25: Pembebanan trafo | C25: <= 80% | D25: > 80% -> uprating atau trafo sisip
B26: Panjang JTR per gardu | C26: <= 350 m | D26: > 350 m -> pasang trafo sisip
B39: KOMPOSISI SUSUT BULAN BERJALAN
B40: Komponen | C40: Persen
B41: Susut Teknis | C41: 3.5095
B42: Susut Non-Teknis | C42: 2.5205
B43: TOTAL SUSUT | C43: =SUM(C41:C42) -> 0
B45: DEKOMPOSISI RUGI TEKNIS PER KOMPONEN JARINGAN
B46: Komponen | C46: kWh Rugi / Bulan | D46: Porsi (%) | E46: Nilai (Rp/bulan) | F46: Program penanganan
B47: Jaringan Tegangan Rendah (JTR) | C47: 255517 | D47: 31.99 | E47: 373693612 | F47: T-02, T-03
B48: Trafo distribusi (rugi inti + belitan) | C48: 218556 | D48: 27.36 | E48: 319638150 | F48: T-01, T-03, T-09
B49: Sambungan Rumah & APP | C49: 175011 | D49: 21.91 | E49: 255953588 | F49: T-04
B50: Jaringan Tegangan Menengah (JTM) | C50: 116471 | D50: 14.58 | E50: 170338838 | F50: T-05, T-06, T-10
B51: Konektor & titik sambung | C51: 33276 | D51: 4.17 | E51: 48666150 | F51: T-07
B52: TOTAL RUGI TEKNIS | C52: =SUM(C47:C51) -> 0 | D52: 100 | E52: =SUM(E47:E51) -> 0

Sheet P2TL
A2: PENERTIBAN PEMAKAIAN TENAGA LISTRIK (P2TL) | G2: ULP Samboja | UP3 Balikpapan Periode data: Agustus 2026
A3: Rekap pemeriksaan, temuan pelanggaran, dan efektivitas penagihan tagihan susulan
B6: Bulan | C6: Pemeriksaan | D6: Temuan | E6: Hit Rate (%) | F6: kWh Temuan | G6: Tagihan Susulan (Rp) | H6: Terbayar (Rp) | I6: Efektivitas Tagih (%)
B7: Jan | C7: 300 | D7: 26 | E7: =IF(C7=0,0,D7/C7*100) -> 0 | F7: 76379 | G7: 235580000 | H7: 152161122 | I7: =IF(G7=0,0,H7/G7*100) -> 0
B8: Feb | C8: 243 | D8: 22 | E8: =IF(C8=0,0,D8/C8*100) -> 0 | F8: 94232 | G8: 212620000 | H8: 142604234 | I8: =IF(G8=0,0,H8/G8*100) -> 0
B9: Mar | C9: 284 | D9: 27 | E9: =IF(C9=0,0,D9/C9*100) -> 0 | F9: 83457 | G9: 203350000 | H9: 144337830 | I9: =IF(G9=0,0,H9/G9*100) -> 0
B10: Apr | C10: 257 | D10: 26 | E10: =IF(C10=0,0,D10/C10*100) -> 0 | F10: 78046 | G10: 202880000 | H10: 147169152 | I10: =IF(G10=0,0,H10/G10*100) -> 0
B11: Mei | C11: 270 | D11: 27 | E11: =IF(C11=0,0,D11/C11*100) -> 0 | F11: 80713 | G11: 208250000 | H11: 162226749 | I11: =IF(G11=0,0,H11/G11*100) -> 0
B12: Jun | C12: 248 | D12: 26 | E12: =IF(C12=0,0,D12/C12*100) -> 0 | F12: 87633 | G12: 187090000 | H12: 155995642 | I12: =IF(G12=0,0,H12/G12*100) -> 0
B13: Jul | C13: 316 | D13: 35 | E13: =IF(C13=0,0,D13/C13*100) -> 0 | F13: 83426 | G13: 226660000 | H13: 179174730 | I13: =IF(G13=0,0,H13/G13*100) -> 0
B14: Ags | C14: 290 | D14: 33 | E14: =IF(C14=0,0,D14/C14*100) -> 0 | F14: 90781 | G14: 200890000 | H14: 175778749 | I14: =IF(G14=0,0,H14/G14*100) -> 0
B15: TOTAL | C15: =SUM(C7:C14) -> 0 | D15: =SUM(D7:D14) -> 0 | E15: =D15/C15*100 -> 0 | F15: =SUM(F7:F14) -> 0 | G15: =SUM(G7:G14) -> 0 | H15: =SUM(H7:H14) -> 0 | I15: =H15/G15*100 -> 0
B17: REKAP PER GOLONGAN PELANGGARAN (s/d bulan berjalan)
B18: Golongan | C18: Uraian | D18: Temuan | E18: kWh Temuan | F18: Tagihan Susulan (Rp) | G18: Porsi kWh (%)
B19: P-I | C19: Mempengaruhi batas daya | D19: 68 | E19: 209146 | F19: 519969200 | G19: 31
B20: P-II | C20: Mempengaruhi pengukuran energi | D20: 97 | E20: 296854 | F20: 738020800 | G20: 44
B21: P-III | C21: Mempengaruhi batas daya & pengukuran energi | D21: 42 | E21: 128186 | F21: 318690800 | G21: 19
B22: P-IV | C22: Bukan pelanggan (sambungan langsung) | D22: 15 | E22: 40481 | F22: 100639200 | G22: 6

Sheet RENCANA AKSI
A2: RENCANA AKSI PERCEPATAN PENCAPAIAN TARGET | J2: ULP Samboja | UP3 Balikpapan Periode data: Agustus 2026
A3: Apa yang harus dilakukan Sep-Des untuk menutup gap menuju target akhir tahun
B6: No | C6: Prioritas | D6: Kategori | E6: Aksi yang harus dilakukan | F6: Akar masalah | G6: Sisa Volume | H6: Kebutuhan/Bulan | I6: Dampak kWh/Bulan | J6: Dampak Rp (sisa tahun) | K6: Progres (%) | L6: PIC | M6: Target Selesai
B7: 1 | C7: SANGAT TINGGI | D7: Non-Tek | E7: Sensus & pemeteran PJU ilegal di 4 kecamatan (Samboja, Samboja Barat, Muara Jawa, Loa Janan Ilir) — bentuk tim gabungan dengan Pemda/Dishub | F7: PJU tanpa meter & sambungan langsung ke JTR; kWh terpakai tidak tercatat | G7: 224.97 | H7: 56.24 | I7: 35995 | J7: 210572212 | K7: 55 | L7: Supervisor Transaksi Energi | M7: 2026-11-30
B8: 2 | C8: SANGAT TINGGI | D8: Non-Tek | E8: Task force penagihan tagihan susulan P2TL: rekonsiliasi piutang, surat panggilan, opsi cicilan, pemutusan bagi yang menunggak > 30 hari | F8: Temuan P2TL tinggi tetapi realisasi tagih hanya 74% — kWh temuan tidak berkonversi jadi pendapatan | G8: 1722.68 | H8: 430.67 | I8: 0 | J8: 0 | K8: 48 | L8: Supervisor Transaksi Energi | M8: 2026-12-15
B9: 3 | C9: SANGAT TINGGI | D9: Teknis | E9: Percepatan uprating konduktor JTM penyulang SBJ-02 Sungai Merdeka & SBJ-01 Kuala Samboja (segmen ujung, drop tegangan > 7%) | F9: Penyulang terpanjang dengan drop tegangan 6,8–7,4% dan penampang konduktor tidak memadai | G9: 7.84 | H9: 1.96 | I9: 17444 | J9: 102047400 | K9: 36 | L9: Supervisor Teknik | M9: 2026-12-20
B10: 4 | C10: TINGGI | D10: Teknis | E10: Pemasangan 5 unit kapasitor bank sisa pada penyulang cos phi < 0,90 (SBJ-01, SBJ-02, SBJ-03) | F10: Cos phi 0,86–0,89 menaikkan arus dan rugi I²R pada JTM/trafo | G10: 6.02 | H10: 1.5 | I10: 20769 | J10: 121498650 | K10: 44 | L10: Supervisor Teknik | M10: 2026-11-30
B11: 5 | C11: TINGGI | D11: Teknis | E11: Rekonfigurasi & pemecahan beban 3 penyulang tersisa; manuver beban ke SBJ-09 & SBJ-10 yang masih ringan | F11: Ketimpangan beban antar penyulang; SBJ-01/02 padat, SBJ-09/10 ringan | G11: 4.31 | H11: 1.08 | I11: 22628 | J11: 132370875 | K11: 50 | L11: Supervisor Teknik | M11: 2026-12-10
B12: 6 | C12: TINGGI | D12: Non-Tek | E12: Pengadaan & penggantian 700 unit kWh meter tua > 15 tahun (prioritas daya >= 2.200 VA) | F12: Meter tua cenderung lambat/under-register 2–5% | G12: 1253.63 | H12: 313.41 | I12: 22252 | J12: 130174200 | K12: 63 | L12: Supervisor Transaksi Energi | M12: 2026-12-15
B13: 7 | C13: TINGGI | D13: Non-Tek | E13: Operasi penertiban sambungan langsung di area padat Handil Baru & Kuala Samboja bersama aparat | F13: Permukiman padat & pendatang proyek IKN; sambungan liar dari JTR | G13: 124.6 | H13: 31.15 | I13: 27724 | J13: 162182475 | K13: 61 | L13: Supervisor Transaksi Energi | M13: 2026-11-15
B14: 8 | C14: SEDANG | D14: Non-Tek | E14: Pemeriksaan APP 745 pelanggan potensial sisa; prioritaskan pelanggan dengan penurunan pemakaian > 30% YoY | F14: Anomali pemakaian belum dianalisis sistematis | G14: 1295.99 | H14: 324 | I14: 18792 | J14: 109931738 | K14: 69 | L14: Supervisor Transaksi Energi | M14: 2026-12-20
B15: 9 | C15: SEDANG | D15: Teknis | E15: Pemasangan 5 trafo sisip pada gardu overload > 80% & JTR > 350 m | F15: JTR terlalu panjang dari gardu menyebabkan rugi I²R besar | G15: 8.25 | H15: 2.06 | I15: 23719 | J15: 138754688 | K15: 58 | L15: Supervisor Teknik | M15: 2026-12-05
B16: 10 | C16: SEDANG | D16: Teknis | E16: Penggantian 7,1 kms JTR usang (kawat telanjang) menjadi twisted cable | F16: JTR kawat telanjang rawan rugi & pencurian | G16: 15.09 | H16: 3.77 | I16: 23390 | J16: 136828575 | K16: 71 | L16: Supervisor Teknik | M16: 2026-12-20
B17: 11 | C17: SEDANG | D17: Non-Tek | E17: Normalisasi 35 AMR pelanggan besar yang gagal baca / offline > 3 hari | F17: Sinyal modem lemah & meter error, pembacaan jadi estimasi | G17: 79.52 | H17: 19.88 | I17: 29422 | J17: 172121625 | K17: 79 | L17: Supervisor Transaksi Energi | M17: 2026-10-31
B18: 12 | C18: RUTIN | D18: Teknis | E18: Lanjutkan pengukuran & penyeimbangan beban trafo (unbalance > 15% wajib ditindak dalam 7 hari) | F18: Unbalance rata-rata unit 13,8%; SBJ-01 mencapai 21,4% | G18: 52.79 | H18: 13.2 | I18: 12538 | J18: 73344375 | K18: 106 | L18: Supervisor Teknik | M18: Rutin bulanan
E19: TOTAL DAMPAK RENCANA AKSI | I19: =SUM(I7:I18) -> 0 | J19: =SUM(J7:J18) -> 0 | K19: =AVERAGE(K7:K18) -> 0
E21: Gap yang harus ditutup Sep-Des adalah 1.302.223 kWh (skenario susut kumulatif). Total dampak rencana aksi di atas dihitung dari sisa target tiap program dikalikan faktor kWh selamat per satuan.

Sheet SIMULASI TARGET
A2: SIMULASI PENCAPAIAN TARGET AKHIR TAHUN | D2: ULP Samboja | UP3 Balikpapan Periode data: Agustus 2026
A3: Dua tafsir target 5,85% dan konsekuensi operasionalnya
B6: ASUMSI YANG BISA DIUBAH
B7: Target susut akhir tahun (%) | C7: 5.85
B8: Susut bulan terakhir realisasi (%) | C8: 6.03
B9: kWh salur kumulatif s/d bulan realisasi | C9: 164676505
B10: kWh susut kumulatif s/d bulan realisasi | C10: 10777367
B11: Proyeksi kWh salur Sep-Des | C11: 88017440
B12: Proyeksi kWh salur Desember | C12: 22480310
B13: Tarif rata-rata (Rp/kWh) | C13: 1462.5
B16: SKENARIO A — target dimaknai SUSUT KUMULATIF (YTD) akhir tahun | F16: Tafsir yang dipakai dalam evaluasi kinerja RKAP
B17: Perhitungan | C17: Nilai | D17: Satuan
B18: kWh susut maksimum setahun agar target tercapai | C18: =(C9+C11)*C7/100 -> 0 | D18: kWh
B19: kWh susut yang masih boleh terjadi Sep-Des | C19: =C18-C10 -> 0 | D19: kWh
B20: Setara susut Sep-Des maksimum | C20: =C19/C11*100 -> 0 | D20: %
B21: kWh susut Sep-Des bila tanpa aksi tambahan | C21: =C11*C8/100 -> 0 | D21: kWh
B22: GAP kWh yang harus diselamatkan | C22: =C21-C19 -> 0 | D22: kWh
B23: GAP per bulan (4 bulan tersisa) | C23: =C22/4 -> 0 | D23: kWh/bulan
B24: Nilai finansial gap | C24: =C22*C13 -> 0 | D24: Rp
B26: SKENARIO B — target dimaknai SUSUT BULAN DESEMBER (exit rate) | F26: Tafsir yang dipakai untuk menilai 'kondisi akhir' jaringan
B27: Perhitungan | C27: Nilai | D27: Satuan
B28: Penurunan yang dibutuhkan dari bulan terakhir | C28: =C8-C7 -> 0 | D28: pp
B29: kWh susut maksimum di bulan Desember | C29: =C12*C7/100 -> 0 | D29: kWh
B30: kWh susut Desember bila tanpa aksi tambahan | C30: =C12*C8/100 -> 0 | D30: kWh
B31: GAP kWh yang harus diselamatkan di Desember | C31: =C30-C29 -> 0 | D31: kWh
B32: Nilai finansial gap | C32: =C31*C13 -> 0 | D32: Rp
B34: UJI KECUKUPAN: apakah sisa work plan mampu menutup gap?
B35: Sisa potensi kWh seluruh work plan (Sep-Des) | C35: ='WORK PLAN'!P29 -> 1926702 | D35: kWh
B36: Gap skenario A | C36: =C22 -> 1302223 | D36: kWh
B37: Rasio kecukupan (sisa potensi / gap) | C37: =C35/C36 -> 0 | D37: x
B38: PUTUSAN: sisa potensi work plan 1.926.702 kWh vs gap 1.302.223 kWh = 1.48x -> TARGET MASIH BISA DICAPAI, syaratnya seluruh program KRITIS dieksekusi penuh sampai Desember.
B41: CATATAN PENTING
B42: • Skenario A jauh lebih berat: susut Sep-Des harus turun ke 4.55% padahal bulan terakhir masih 6.03%. Pastikan dulu ke UP3 tafsir mana yang dipakai untuk menilai kinerja unit, karena konsekuensi kerjanya berbeda jauh.
B43: • Skenario B hanya memerlukan penurunan 0.18 pp pada bulan Desember dan realistis dicapai dengan menuntaskan program yang berstatus KRITIS.
B44: • Ubah sel kuning pada blok ASUMSI untuk menguji what-if: mis. bila proyeksi kWh salur naik karena beban proyek IKN, atau bila target direvisi UP3.

Sheet DATA GRAFIK
B2: SUMBER DATA GRAFIK DASHBOARD — jangan diubah manual
B3: Program | C3: Sisa Potensi kWh | F3: Komponen Rugi Teknis | G3: kWh | J3: Penyulang | K3: Susut (%) | N3: Kategori | O3: Capaian (%)
B4: N-02 P2TL - perolehan kWh temuan pelang | C4: 475333 | F4: JTR | G4: 255517 | J4: SBJ-01 Kuala Samboja | K4: 7.94 | N4: Teknis | O4: 71.2
B5: N-09 Penertiban & pemeteran PJU ilegal | C5: 143981 | F5: Trafo distribusi | G5: 218556 | J5: SBJ-02 Sungai Merdeka | K5: 7.41 | N5: Non-Teknis | O5: 78.25
B6: N-06 Pemasangan / normalisasi AMR pelan | C6: 117690 | F6: Sambungan Rumah & APP | G6: 175011 | J6: SBJ-03 Handil Baru | K6: 6.88
B7: N-04 Penggantian kWh meter rusak / mace | C7: 112640 | F7: JTM | G7: 116471 | J7: SBJ-04 Argosari | K7: 6.42
B8: N-12 Penormalan sambungan langsung / sa | C8: 110894 | F8: Konektor | G8: 33276 | J8: SBJ-05 Bukit Raya | K8: 5.97
B9: T-03 Pemasangan trafo sisip / uprating | C9: 94875 | J9: SBJ-06 Karya Merdeka | K9: 5.63
B10: T-02 Penggantian konduktor JTR usang ke | C10: 93558 | J10: SBJ-07 Amborawang | K10: 5.35
B11: T-05 Rekonfigurasi / pemecahan beban pe | C11: 90510 | J11: SBJ-08 Tani Bhakti | K11: 5.11
B12: N-05 Penggantian kWh meter tua (> 15 ta | C12: 89008 | J12: SBJ-09 Beringin Agung | K12: 4.86
B13: N-08 Penurunan DLPD (Daftar Langganan P | C13: 85008 | J13: SBJ-10 Sungai Seluang | K13: 4.52

Sheet PANDUAN
A2: PANDUAN PENGGUNAAN WORKBOOK | D2: ULP Samboja | UP3 Balikpapan Periode data: Agustus 2026
A3: Alur kerja bulanan, arti tiap sheet, dan definisi istilah
B6: ALUR KERJA BULANAN
B7: Langkah 1 — tiap awal bulan | C7: Buka sheet NERACA ENERGI. Isi kWh Salur dan kWh Jual bulan yang baru tutup, lalu ubah kolom Status dari PROYEKSI menjadi REALISASI.
B8: Langkah 2 | C8: Buka sheet INPUT REALISASI. Isi realisasi tiap item work plan pada kolom bulan bersangkutan. Hanya sel kuning yang boleh diketik.
B9: Langkah 3 | C9: Buka sheet WORK PLAN. Kolom Capaian, Sisa Target, dan Faktor Kejar berubah otomatis. Perhatikan item berstatus KRITIS dan Faktor Kejar >= 2.
B10: Langkah 4 | C10: Buka sheet SIMULASI TARGET. Perbarui asumsi kWh salur bila proyeksi berubah, lalu baca ulang berapa gap yang tersisa.
B11: Langkah 5 | C11: Buka sheet RENCANA AKSI. Perbarui kolom Progres dan status. Bawa item prioritas SANGAT TINGGI ke rapat mingguan unit.
B12: Langkah 6 | C12: Buka sheet DASHBOARD untuk bahan laporan ke UP3. Sheet ini sudah siap cetak (A4 landscape, 1 halaman lebar).
B14: ARTI TIAP SHEET
B15: DASHBOARD | C15: Ringkasan satu layar: kartu KPI, tren susut, komposisi, program dengan gap terbesar.
B16: NERACA ENERGI | C16: Basis perhitungan susut: kWh salur vs kWh jual per bulan.
B17: INPUT REALISASI | C17: Satu-satunya tempat mengetik realisasi bulanan work plan.
B18: WORK PLAN | C18: Capaian per item terhadap target bulanan dan target akhir tahun.
B19: ANALISIS TEKNIS | C19: Profil penyulang, indeks prioritas, dekomposisi rugi teknis, ambang batas acuan.
B20: P2TL | C20: Rekap pemeriksaan, temuan, dan efektivitas penagihan tagihan susulan.
B21: RENCANA AKSI | C21: Daftar aksi konkret Sep-Des beserta dampak kWh dan PIC.
B22: SIMULASI TARGET | C22: Kalkulator what-if dua tafsir target akhir tahun.
B23: DATA GRAFIK | C23: Sumber angka grafik dashboard. Tidak perlu diubah manual.
B25: DEFINISI ISTILAH
B26: Susut distribusi | C26: (kWh Salur - kWh Jual) / kWh Salur x 100%.
B27: Susut teknis | C27: Rugi alamiah pada trafo, JTM, JTR, SR, dan konektor akibat I^2R dan rugi inti. Tidak bisa nol, hanya bisa ditekan.
B28: Susut non-teknis | C28: Energi tersalur yang tidak tertagih: pelanggaran pemakaian, meter rusak/lambat, kesalahan baca, PJU ilegal, kesalahan administrasi.
B29: Faktor kejar | C29: Kebutuhan volume per bulan tersisa dibagi run-rate bulanan saat ini. >= 2 berarti harus dua kali lebih cepat dari kecepatan sekarang.
B30: kWh selamat | C30: Perkiraan energi yang tidak jadi hilang karena satu satuan program dikerjakan. Faktor konversi ada di kolom kwh_selamat_per_unit.
B31: Unbalance | C31: Ketidakseimbangan arus antar fasa. Menimbulkan arus netral dan rugi tambahan.
B32: DLPD | C32: Daftar Langganan Perlu Diperhatikan — rekening dengan stand meter anomali.
B33: P2TL | C33: Penertiban Pemakaian Tenaga Listrik.
B34: Tagihan susulan | C34: Tagihan atas pelanggaran hasil P2TL. Baru menurunkan susut setelah benar-benar tertagih.
B36: SUMBER DATA
B37: kWh salur | C37: XPower / EIS-Susut — pembacaan APP outgoing penyulang di GI.
B38: kWh jual | C38: AP2T / TUL — rekening terbit bulan berjalan.
B39: Realisasi program teknis | C39: Laporan harian regu pemeliharaan & aplikasi Gardu/JDN.
B40: Realisasi P2TL | C40: Aplikasi P2TL — berita acara pemeriksaan dan tagihan susulan.
B41: Unbalance, cos phi, tegangan | C41: SCADA, AMR gardu, dan hasil pengukuran manual.
B42: Data aset jaringan | C42: Aplikasi jaringan distribusi (panjang JTM/JTR, gardu, SR).
B45: Data pada berkas ini adalah CONTOH untuk keperluan pembangunan dashboard. Ganti dengan data riil dari AP2T, XPower, Aplikasi P2TL, dan SCADA/AMR.
